Hashtag	Account	Type	Posts
#SPiCollective	streetphotographyinternational	feature	6,673,618
#life_is_street	life_is_street	feature	5,345,367
#bnw_demand	bnw_demand	feature	5,014,265
#capturestreets	capturestreets	feature	4,600,000
#streetleaks	streetleaks	feature	4,385,120
#storyofthestreet	storyofthestreet	feature	3,826,462
#streets_storytelling	streets_storytelling	feature	3,067,575
#fromstreetswithlove	fromstreetswithlove	feature	3,008,010
#bnw_city	bnw_city	feature	2,500,000
#thestreetphotographyhub	thestreetphotographyhub	feature	2,390,525
#friendsinperson	friendsinperson	feature	2,200,000
#challengerstreets	challengerstreets	feature	1,300,000
#dreaminstreets	dreaminstreets	feature	1,100,000
#apfmagazine	apfmagazine	feature	1,100,000
#urbanstreetphotogallery	urbanstreetphotogallery	feature	1,064,953
#gf_streets	globalfotografia_streets	feature	958,000
#friendsinbnw	friendsinbnw	feature	875,000
#eyephotomagazine	eyephotomagazine	feature	774,000
#spjstreets	streetphotographyjournal	feature	662000
#bnw_lightandshadow	bnw_lightandshadow.new	feature	548,730
#streetscenesmag	streetscenesmag	feature	498,000
#street_avengers	street_avengers	feature	487,202
#therawsociety	the_raw_society	feature	358,000
#thestreephers	streephers	feature	334,876
#streetphotographybnw	streetphotographybnw	feature	293,968
#streetphotomag	streetphotomag	feature	286,000
#curiouscameraclub	thecuriouscameraclub	feature	285,000
#peraphotogallery	peraphotogallery	feature	234,000
#mydaidia	mydaidia	feature	229,000
#badass_bnw	badass_bnw	feature	207,171
#bestofstreet	bestofstreet	feature	193,000
#lotsmagazine	lotsmagazine	feature	133,000
#tnscollective	thenorthernstreetcollective	feature	97,379
#streetphotocollective	streetphotocollective	feature	82,100
#thepictoriallist	thepictorial.list	feature	74,889
#lacalle_spc	lacalle_spc	feature	72,926
#dailymomentums	dailymomentums	feature	71700
#we_lookmag	welookmag	feature	55,200
#progressivestreet	progressivestreet	feature	51,200
#littleboxcollective	littleboxcollective	feature	50,059
#woofermagazine	woofermagazine	feature	43,800
#street_macadam	street_macadam	feature	34,033
#phmuseum	phmuseum	feature	31,600
#lcen	lacalleesnuestra	feature	16,600
#bakhishcollective	bakhish.collective	feature	13,700
#vipphotomagazine	vipphotomagazine	feature	11,200
#mystreet_bnw	mystreet_bnw	feature	3,526
#photography_souls	N/A	standard	9,600,000
#fineartphotography	N/A	standard	7,144,000
#documentary	N/A	standard	6,465,377
#streetphotographer	N/A	standard	6,400,000
#cityphotography	N/A	standard	6,272,162
#farmersmarket	N/A	standard	5,364,522
#photojournalism	N/A	standard	5,008,222
#streetphotographers	N/A	standard	4,400,000
#documentaryphotography	N/A	standard	4,236,869
#streetlife	streetlife	standard	4,000,000
#bnwphoto	N/A	standard	2,268,469
#street_photography	N/A	standard	2,136,494
#streetphotos 	N/A	standard	1,858,741
#monochromephotography	N/A	standard	1,823,666
#reportage	N/A	standard	1,735,079
#streetphotography_bw	N/A	standard	1,466,643
#streetscene	streetscene	standard	1,300,000
#hobbyphotography	N/A	standard	961,000
#hobbyphotographer	N/A	standard	851,000
#photodocumentary	N/A	standard	633,000
#igblacknwhite	N/A	standard	611,000
#photography_top	N/A	standard	597,000
#fotografiacallejera	N/A	standard	542,917
#bw_photography	N/A	standard	538,209
#photostory	N/A	standard	530,000
#streetshooter	N/A	standard	465,000
#fotoperiodismo	N/A	standard	455,177
#documentaryphotographer	N/A	standard	425,000
#street_photo	N/A	standard	391,131
#urbanstreetphotography	N/A	standard	370,000
#streetmarket	N/A	standard	300,092
#blackphotographer	N/A	standard	300,000
#streetphotographycommunity	N/A	standard	278,060
#blackandwhitephotograph	N/A	standard	258,000
#blackandwhitephotographer	N/A	standard	242,000
#blackphotographers	N/A	standard	230,000
#bnwstreetphotography	N/A	standard	225,000
#documentaryphoto	N/A	standard	222272
#documentaryphoto	N/A	standard	216,131
#perspectivephotography	N/A	standard	182,000
#fotografiablancoynegro	N/A	standard	166,876
#photoreportage	N/A	standard	143,000
#bnwphotographer	N/A	standard	137,087
#photographyblackandwhite	N/A	standard	103,000
#documentalphotography	N/A	standard	103,000
#urbanpeople	N/A	standard	71,800
#candidstreet	N/A	standard	65,100
#photocollective	N/A	standard	44,200
#citypeople	N/A	standard	43,900
#randomstreet	N/A	standard	37,400
#fotoperiodista	N/A	standard	35,623
#fineartphotography_bw	N/A	standard	29,000
#socialdocumentaryphotography	N/A	standard	24,000
#photojournalists	N/A	standard	21,477
#fotostory	N/A	standard	19,000
#urbanstreetgallery	N/A	standard	14,700
#photographyistherapy	N/A	standard	5,000
#canoneosm6	N/A	standard	58,900
#canoneosm6markii	N/A	standard	15,700
#canonm6	N/A	standard	70,800
#canonm6markii	N/A	standard	25,300
#sigma16mmf14	N/A	standard	179,000
#friendsinstreets	friendsinstreets	feature	1,400,000
#bnwzone	bnw.zone	feature	811,000
#bnw_zone	bnw.zone	feature	811,000
#bnwmaster	bnwmaster	feature	280,000
#bnw_captures	bnw_captures	feature	13,300,000
#erodedstreet	erodedstreet	feature	27,500
#fotodecalle	fotodecalle	standard	173,000
#fotografiadecalle	fotografiadecalle	standard	230,000
#fotografiacallejera	fotografiacallejera	standard	337,000
