Hashtag,Account,Posts
;#SPiCollective,streetphotographyinternational,6673618
;#life_is_street,lifeisscene,7200000
;#bnw_demand,bnw_demand,5014265
;#capturestreets,capturestreets,4600000
;#streetleaks,streetleaks,4385120
;#storyofthestreet,storyofthestreet,3826462
;#streets_storytelling,streets_storytelling,3067575
;#fromstreetswithlove,fromstreetswithlove,3008010
;#bnw_city,bnw_city,2500000
;#thestreetphotographyhub,thestreetphotographyhub,2390525
;#friendsinperson,friendsinperson,2200000
;#challengerstreets,challengerstreets,1300000
;#dreaminstreets,dreaminstreets,1100000
;#apfmagazine,apfmagazine,1100000
;#urbanstreetphotogallery,urbanstreetphotogallery,1064953
;#gf_streets,globalfotografia_streets,958000
;#friendsinbnw,friendsinbnw,875000
;#eyephotomagazine,eyephotomagazine,774000
;#spjstreets,streetphotographyjournal,662000
;#bnw_lightandshadow,bnw_lightandshadow.new,548730
;#streetscenesmag,streetscenesmag,498000
;#street_avengers,street_avengers,487202
#therawsociety,the_raw_society,358000
;#thestreephers,streephers,334876
;#streetphotographybnw,streetphotographybnw,293968
#streetphotomag,streetphotomag,286000
;#curiouscameraclub,thecuriouscameraclub,285000
;#peraphotogallery,peraphotogallery,234000
;#mydaidia,mydaidia,229000
;#myspc,mydaidia,229000
;#badass_bnw,badass_bnw,207171
;#bestofstreet,bestofstreet,193000
;#lotsmagazine,lotsmagazine,133000
;#tnscollective,thenorthernstreetcollective,97379
;#streetphotocollective,streetphotocollective,82100
#thepictoriallist,thepictorial.list,74889
;#lacalle_spc,lacalle_spc,72926
;#dailymomentums,dailymomentums,71700
;#we_lookmag,welookmag,55200
;#progressivestreet,progressivestreet,51200
#littleboxcollective,littleboxcollective,50059
#woofermagazine,woofermagazine,43800
#street_macadam,street_macadam,34033
#phmuseum,phmuseum,31600
;#lcen,lacalleesnuestra,16600
;#bakhishcollective,bakhish.collective,13700
;#vipphotomagazine,vipphotomagazine,11200
;#mystreet_bnw,mystreet_bnw,3526
;#photography_souls,,9600000
;#fineartphotography,,7144000
;#documentary,,6465377
;#streetphotographer,,6400000
#cityphotography,,6272162
#farmersmarket,,5364522
;#photojournalism,,5008222
;#streetphotographers,,4400000
;#documentaryphotography,,4236869
;#streetlife,streetlife,standard,4000000
;#bnwphoto,,2268469
;#street_photography,,2136494
;#streetphotos,,,1858741
;#monochromephotography,,1823666
;#reportage,,1735079
;#streetphotography_bw,,1466643
;#streetscene,streetscene,standard,1300000
;#hobbyphotography,,961000
;#hobbyphotographer,,851000
;#photodocumentary,,633000
;#igblacknwhite,,611000
;#photography_top,,597000
;#fotografiacallejera,,542917
;#bw_photography,,538209
;#photostory,,530000
;#streetshooter,,465000
;#fotoperiodismo,,455177
;#street_photo,,391131
;#urbanstreetphotography,,370000
#streetmarket,,347000
#streetmarkets,,22200
#blackphotographer,,300000
;#streetphotographycommunity,,278060
;#blackandwhitephotograph,,258000
;#blackandwhitephotographer,,242000
#blackphotographers,,230000
;#bnwstreetphotography,,225000
;#documentaryphoto,,222272
#perspectivephotography,,182000
;#fotografiablancoynegro,,166876
;#photoreportage,,143000
;#bnwphotographer,,137087
;#photographyblackandwhite,,103000
;#documentalphotography,,103000
;#urbanpeople,,71800
;#candidstreet,,65100
;#photocollective,,44200
;#citypeople,,43900
;#randomstreet,,37400
;#fotoperiodista,,35623
;#fineartphotography_bw,,29000
;#socialdocumentaryphotography,,38200
;#photojournalists,,21477
;#fotostory,,19000
;#urbanstreetgallery,,14700
;#photographyistherapy,,5000
;#canoneosm6,,58900
;#canoneosm6markii,,15700
;#canonm6,,70800
;#canonm6markii,,25300
;#sigma16mmf14,,179000
;#friendsinstreets,friendsinstreets,1400000
;#bnwzone,bnw.zone,811000
;#bnw_zone,bnw.zone,811000
;#bnwmaster,bnwmaster,280000
;#bnw_captures,bnw_captures,13300000
;#erodedstreet,erodedstreet,27500
;#fotodecalle,fotodecalle,standard,173000
;#fotografiadecalle,fotografiadecalle,standard,230000
;#fotografiacallejera,fotografiacallejera,standard,337000
;#thisaintartschool,thisaintartschool,46200
#contemporaryphotography,,2600000
;#fivesixmag,five.six.mag,45500
#nowherediary,nowherediary,281000
#broadmag,broadmagazine,100000
#broadmagazine,broadmagazine,100000
;#aintbad,aintbad,64200
;#ifyouleave,ifyouleavestagram,147000
;#outofservicemag,outofservicemag,16700
#rentalmag,rentalmagazine,16700
#noicemag,noicemag,120000
;#subjectivelyobjective,subjectivelyobjective,84600
;#phroom,phroom_platform,57700
;#framesmag,frames_magazine,14500
;#spectaculummagazine,spectaculum_magazine,4802
#eyeshotmag,eyeshot_magazine,146000
#eyeshotmagazine,eyeshot_magazine,146000
#eyeshot_magazine,eyeshot_magazine,146000
#frontphotography,front.photography,3698
;#documentaryphotographer,,562000
;#naturallightmag,naturallight.mag,4556
#theavenuemagazine,theavenuemagazine,2649
;#dpsp_street,dpsp_street,1200000
#spectaculummagazine,spectaculum_magazine,5488
;#bcncollective,bcncollective,72700
#friendsinprofile,friendsinprofile,51000
#visualstorytelling,,738771
;#photography,,1000000000
#streetphotography,,119000000
;#myfeatureshoot,,5500000
#suburbia,,508000
#street_badass,street_badass,11200
;#streetsgrammer,streetsgrammer,82000
;#sonyalpha,,25000000
#framelinesmag,framelinesmag,10700
;#streetizm,framelinesmag,72700
;#streetmoment,framelinesmag,118000
#odtakeovers,odtakeovers,88300
#documagazine,docu.magazine,16100
;#locavore,,498000
;#communitymarket,,46200
;#localfood,,4400000
;#supportlocalfarmers,,426000
#farmersmarketlife,,13400
;#marketvibes,,21500
;#marketday,,482000
#marketphotography,,20100
#filmfridgemag,filmfridgemag,28300
;#photoessay,,174000
;#life_is_scene,lifeisscene,199000
